<keymap version="1" name="billy-key-pycharm" parent="$default">
  <action id="ActivateCommitToolWindow" />
  <action id="ActivateDocumentationToolWindow">
    <keyboard-shortcut first-keystroke="f1" />
  </action>
  <action id="ActivateFavoritesToolWindow" />
  <action id="ActivateFindToolWindow">
    <keyboard-shortcut first-keystroke="alt 6" />
  </action>
  <action id="ActivateHierarchyToolWindow">
    <keyboard-shortcut first-keystroke="alt 8" />
  </action>
  <action id="ActivateJupyterToolWindow">
    <keyboard-shortcut first-keystroke="alt 1" />
  </action>
  <action id="ActivateProblemsViewToolWindow">
    <keyboard-shortcut first-keystroke="alt 9" />
  </action>
  <action id="ActivateProjectToolWindow">
    <keyboard-shortcut first-keystroke="alt back_quote" />
  </action>
  <action id="ActivatePythonConsoleToolWindow">
    <keyboard-shortcut first-keystroke="alt 2" />
  </action>
  <action id="ActivateRunToolWindow">
    <keyboard-shortcut first-keystroke="alt 0" />
  </action>
  <action id="ActivateSciViewToolWindow">
    <keyboard-shortcut first-keystroke="alt 4" />
  </action>
  <action id="ActivateServicesToolWindow" />
  <action id="ActivateTerminalToolWindow">
    <keyboard-shortcut first-keystroke="alt 3" />
  </action>
  <action id="ActivateVersionControlToolWindow" />
  <action id="AddToFavoritesPopup" />
  <action id="Arrangement.Alias.Rule.Add" />
  <action id="Arrangement.Alias.Rule.Match.Condition.Move.Down" />
  <action id="Arrangement.Rule.Add" />
  <action id="Arrangement.Rule.Group.Condition.Move.Down" />
  <action id="Arrangement.Rule.Group.Condition.Move.Up" />
  <action id="Arrangement.Rule.Match.Condition.Move.Down" />
  <action id="Arrangement.Rule.Match.Condition.Move.Up" />
  <action id="ChangesView.Move" />
  <action id="ClassNameCompletion">
    <keyboard-shortcut first-keystroke="shift ctrl space" />
  </action>
  <action id="CloseContent">
    <keyboard-shortcut first-keystroke="ctrl w" />
  </action>
  <action id="CodeInspection.OnEditor" />
  <action id="CollapseExpandableComponent">
    <keyboard-shortcut first-keystroke="ctrl subtract" />
    <keyboard-shortcut first-keystroke="ctrl minus" />
  </action>
  <action id="CollapseSelection">
    <keyboard-shortcut first-keystroke="ctrl period" />
    <keyboard-shortcut first-keystroke="alt minus" />
  </action>
  <action id="Console.Execute.Multiline" />
  <action id="Console.TableResult.EditValue">
    <keyboard-shortcut first-keystroke="f2" />
    <keyboard-shortcut first-keystroke="enter" />
  </action>
  <action id="Console.TableResult.EditValueMaximized" />
  <action id="Console.TableResult.NextPage" />
  <action id="Console.TableResult.PreviousPage" />
  <action id="Console.TableResult.Submit" />
  <action id="ContextHelp" />
  <action id="DatabaseView.PropertiesAction" />
  <action id="DatabaseView.Tools" />
  <action id="DirDiffMenu.SynchronizeDiff.All" />
  <action id="EditorChooseLookupItemDot" />
  <action id="EditorDeleteLine">
    <keyboard-shortcut first-keystroke="ctrl delete" />
    <keyboard-shortcut first-keystroke="ctrl l" />
  </action>
  <action id="EditorDeleteToWordEnd" />
  <action id="EditorSelectWord">
    <keyboard-shortcut first-keystroke="shift alt period" />
  </action>
  <action id="EditorSplitLine" />
  <action id="EditorStartNewLineBefore">
    <keyboard-shortcut first-keystroke="shift alt enter" />
  </action>
  <action id="ExpandExpandableComponent">
    <keyboard-shortcut first-keystroke="ctrl add" />
    <keyboard-shortcut first-keystroke="ctrl equals" />
  </action>
  <action id="ExpressionTypeInfo">
    <keyboard-shortcut first-keystroke="shift alt l" />
  </action>
  <action id="FileChooser.NewFolder">
    <keyboard-shortcut first-keystroke="ctrl n" />
  </action>
  <action id="Find">
    <keyboard-shortcut first-keystroke="ctrl f" />
  </action>
  <action id="FindNext">
    <keyboard-shortcut first-keystroke="f3" />
  </action>
  <action id="Forward">
    <mouse-shortcut keystroke="button5" />
  </action>
  <action id="Generate" />
  <action id="JupyterDebugAction" />
  <action id="JupyterMergeCellAboveAction">
    <keyboard-shortcut first-keystroke="alt home" />
  </action>
  <action id="JupyterMergeCellBelowAction">
    <keyboard-shortcut first-keystroke="alt end" />
  </action>
  <action id="JupyterSplitCellAction">
    <keyboard-shortcut first-keystroke="alt insert" />
  </action>
  <action id="MethodDown" />
  <action id="MethodUp" />
  <action id="MoveElementRight" />
  <action id="MoveLineDown">
    <keyboard-shortcut first-keystroke="alt down" />
  </action>
  <action id="MoveLineUp">
    <keyboard-shortcut first-keystroke="alt up" />
  </action>
  <action id="MoveStatementDown">
    <keyboard-shortcut first-keystroke="shift alt down" />
  </action>
  <action id="MoveStatementUp">
    <keyboard-shortcut first-keystroke="shift alt up" />
  </action>
  <action id="MoveTabRight">
    <keyboard-shortcut first-keystroke="ctrl alt right" />
  </action>
  <action id="NewElement">
    <keyboard-shortcut first-keystroke="alt f3" />
  </action>
  <action id="NextOccurence" />
  <action id="NextSplitter">
    <keyboard-shortcut first-keystroke="alt close_bracket" />
  </action>
  <action id="NotebookDeleteCellAction">
    <keyboard-shortcut first-keystroke="alt delete" />
  </action>
  <action id="NotebookInsertCellAboveAction">
    <keyboard-shortcut first-keystroke="alt page_up" />
  </action>
  <action id="NotebookInsertCellBelowAction">
    <keyboard-shortcut first-keystroke="alt page_down" />
  </action>
  <action id="NotebookMoveCellDownAction">
    <keyboard-shortcut first-keystroke="ctrl alt down" />
  </action>
  <action id="NotebookMoveCellUpAction">
    <keyboard-shortcut first-keystroke="ctrl alt up" />
  </action>
  <action id="NotebookRunAllAboveAction">
    <keyboard-shortcut first-keystroke="shift alt enter" />
  </action>
  <action id="NotebookRunAllBelowAction">
    <keyboard-shortcut first-keystroke="ctrl alt enter" />
  </action>
  <action id="NotebookRunCellInsertBelowAction">
    <keyboard-shortcut first-keystroke="alt enter" />
  </action>
  <action id="OpenInRightSplit">
    <mouse-shortcut keystroke="alt button1 doubleClick" />
  </action>
  <action id="ParameterInfo">
    <keyboard-shortcut first-keystroke="shift alt i" />
  </action>
  <action id="PrevSplitter">
    <keyboard-shortcut first-keystroke="alt open_bracket" />
  </action>
  <action id="PreviousOccurence" />
  <action id="ProblemsView.QuickFixes" />
  <action id="ProjectViewChangeView" />
  <action id="PySciView">
    <keyboard-shortcut first-keystroke="alt f1" />
  </action>
  <action id="QuickActionPopup" />
  <action id="QuickChangeScheme" />
  <action id="QuickImplementations">
    <keyboard-shortcut first-keystroke="shift alt j" />
  </action>
  <action id="QuickJavaDoc">
    <mouse-shortcut keystroke="alt button2" />
    <keyboard-shortcut first-keystroke="shift alt k" />
  </action>
  <action id="ReformatCode">
    <keyboard-shortcut first-keystroke="shift alt f" />
  </action>
  <action id="SafeDelete" />
  <action id="SelectIn" />
  <action id="ServiceView.AddService" />
  <action id="SetShortcutAction" />
  <action id="ShowContent" />
  <action id="ShowIntentionActions">
    <keyboard-shortcut first-keystroke="ctrl back_quote" />
  </action>
  <action id="ShowNavBar" />
  <action id="ShowSearchHistory" />
  <action id="SmartSelect">
    <keyboard-shortcut first-keystroke="shift alt period" />
  </action>
  <action id="SmartTypeCompletion">
    <keyboard-shortcut first-keystroke="ctrl alt space" />
  </action>
  <action id="SplitVertically">
    <keyboard-shortcut first-keystroke="alt back_slash" />
  </action>
  <action id="TableResult.GrowSelection">
    <keyboard-shortcut first-keystroke="shift alt period" />
  </action>
  <action id="TableResult.UnselectPreviousOccurrence" />
  <action id="Terminal.ClearBuffer" />
  <action id="Terminal.MoveToolWindowTabRight" />
  <action id="Terminal.SmartCommandExecution.Run" />
  <action id="Uml.NewElement" />
  <action id="UnselectPreviousOccurrence" />
  <action id="UnsplitAll">
    <keyboard-shortcut first-keystroke="ctrl alt back_slash" />
  </action>
  <action id="UsageView.ShowRecentFindUsages" />
  <action id="Vcs.Log.FocusTextFilter" />
  <action id="Vcs.MoveChangedLinesToChangelist" />
  <action id="Vcs.QuickListPopupAction" />
  <action id="ViewSource" />
  <action id="XDebugger.MoveWatchDown" />
  <action id="context.load" />
  <action id="hg4idea.QFold" />
</keymap>