<keymap version="1" name="billy-key-pycharm" parent="$default">
  <action id="AddToFavoritesPopup" />
  <action id="Arrangement.Alias.Rule.Match.Condition.Move.Down" />
  <action id="Arrangement.Rule.Group.Condition.Move.Down" />
  <action id="Arrangement.Rule.Group.Condition.Move.Up" />
  <action id="Arrangement.Rule.Match.Condition.Move.Down" />
  <action id="Arrangement.Rule.Match.Condition.Move.Up" />
  <action id="ChangesView.Move" />
  <action id="CloseContent">
    <keyboard-shortcut first-keystroke="ctrl w" />
  </action>
  <action id="Console.Execute.Multiline" />
  <action id="Console.TableResult.Submit" />
  <action id="DirDiffMenu.SynchronizeDiff.All" />
  <action id="EditorDeleteLine">
    <keyboard-shortcut first-keystroke="ctrl l" />
  </action>
  <action id="EditorSelectWord">
    <keyboard-shortcut first-keystroke="shift alt period" />
  </action>
  <action id="EditorSplitLine" />
  <action id="EditorStartNewLine" />
  <action id="FindNext">
    <keyboard-shortcut first-keystroke="f3" />
  </action>
  <action id="Forward">
    <mouse-shortcut keystroke="button5" />
  </action>
  <action id="JupyterMergeCellAboveAction">
    <keyboard-shortcut first-keystroke="shift alt m" />
  </action>
  <action id="JupyterMergeCellBelowAction">
    <keyboard-shortcut first-keystroke="shift m" />
  </action>
  <action id="JupyterSplitCellAction">
    <keyboard-shortcut first-keystroke="ctrl y" />
  </action>
  <action id="MethodDown" />
  <action id="MethodUp" />
  <action id="MoveElementRight" />
  <action id="MoveLineDown">
    <keyboard-shortcut first-keystroke="alt down" />
  </action>
  <action id="MoveLineUp">
    <keyboard-shortcut first-keystroke="alt up" />
  </action>
  <action id="MoveTabRight">
    <keyboard-shortcut first-keystroke="ctrl alt right" />
  </action>
  <action id="NextSplitter">
    <keyboard-shortcut first-keystroke="alt close_bracket" />
  </action>
  <action id="NotebookDeleteCellAction">
    <keyboard-shortcut first-keystroke="shift alt d" />
  </action>
  <action id="NotebookMoveCellDownAction">
    <keyboard-shortcut first-keystroke="shift alt down" />
  </action>
  <action id="NotebookMoveCellUpAction">
    <keyboard-shortcut first-keystroke="shift alt up" />
  </action>
  <action id="NotebookRunCellAction" />
  <action id="PrevSplitter">
    <keyboard-shortcut first-keystroke="alt open_bracket" />
  </action>
  <action id="ReformatCode">
    <keyboard-shortcut first-keystroke="shift alt f" />
  </action>
  <action id="ShowContent" />
  <action id="ShowSearchHistory" />
  <action id="SmartSelect">
    <keyboard-shortcut first-keystroke="shift alt period" />
  </action>
  <action id="SplitVertically">
    <keyboard-shortcut first-keystroke="alt back_slash" />
  </action>
  <action id="TableResult.GrowSelection">
    <keyboard-shortcut first-keystroke="shift alt period" />
  </action>
  <action id="Terminal.ClearBuffer" />
  <action id="Terminal.MoveToolWindowTabRight" />
  <action id="Terminal.SmartCommandExecution.Run" />
  <action id="UnsplitAll">
    <keyboard-shortcut first-keystroke="ctrl alt back_slash" />
  </action>
  <action id="UsageView.ShowRecentFindUsages" />
  <action id="Vcs.Log.FocusTextFilter" />
  <action id="Vcs.MoveChangedLinesToChangelist" />
  <action id="ViewSource" />
  <action id="XDebugger.MoveWatchDown" />
  <action id="hg4idea.QFold" />
</keymap>