<application>
  <component name="ProjectJdkTable">
    <jdk version="2">
      <name value="Python 3.8 (base)" />
      <type value="Python SDK" />
      <version value="Python 3.8.5" />
      <homePath value="D:\programData\anaconda\python.exe" />
      <roots>
        <classPath>
          <root type="composite">
            <root url="file://D:/programData/anaconda/DLLs" type="simple" />
            <root url="file://D:/programData/anaconda/Lib" type="simple" />
            <root url="file://D:/programData/anaconda/Lib/site-packages" type="simple" />
            <root url="jar://D:/programData/anaconda/Lib/site-packages/locket-0.2.1-py3.8.egg!/" type="simple" />
            <root url="file://D:/programData/anaconda/Lib/site-packages/win32" type="simple" />
            <root url="file://D:/programData/anaconda/Lib/site-packages/win32/lib" type="simple" />
            <root url="file://D:/programData/anaconda/Lib/site-packages/pythonwin" type="simple" />
            <root url="file://$USER_HOME$/AppData/Local/JetBrains/PyCharm2020.3/python_stubs/-1213603446" type="simple" />
            <root url="file://$APPLICATION_HOME_DIR$/plugins/python/helpers/python-skeletons" type="simple" />
            <root url="file://$APPLICATION_HOME_DIR$/plugins/python/helpers/typeshed/stdlib/3.7" type="simple" />
            <root url="file://$APPLICATION_HOME_DIR$/plugins/python/helpers/typeshed/stdlib/3" type="simple" />
            <root url="file://$APPLICATION_HOME_DIR$/plugins/python/helpers/typeshed/stdlib/2and3" type="simple" />
            <root url="file://$APPLICATION_HOME_DIR$/plugins/python/helpers/typeshed/third_party/3" type="simple" />
            <root url="file://$APPLICATION_HOME_DIR$/plugins/python/helpers/typeshed/third_party/2and3" type="simple" />
          </root>
        </classPath>
        <sourcePath>
          <root type="composite" />
        </sourcePath>
      </roots>
      <additional />
    </jdk>
    <jdk version="2">
      <name value="Python 3.8 (pythonProject)" />
      <type value="Python SDK" />
      <version value="Python 3.8.5" />
      <homePath value="D:\programData\anaconda\envs\pythonProject\python.exe" />
      <roots>
        <classPath>
          <root type="composite">
            <root url="file://D:/programData/anaconda/envs/pythonProject/DLLs" type="simple" />
            <root url="file://D:/programData/anaconda/envs/pythonProject/Lib" type="simple" />
            <root url="file://D:/programData/anaconda/envs/pythonProject/Lib/site-packages" type="simple" />
            <root url="file://$USER_HOME$/AppData/Local/JetBrains/PyCharm2020.3/python_stubs/-339166799" type="simple" />
            <root url="file://$APPLICATION_HOME_DIR$/plugins/python/helpers/python-skeletons" type="simple" />
            <root url="file://$APPLICATION_HOME_DIR$/plugins/python/helpers/typeshed/stdlib/3.7" type="simple" />
            <root url="file://$APPLICATION_HOME_DIR$/plugins/python/helpers/typeshed/stdlib/3" type="simple" />
            <root url="file://$APPLICATION_HOME_DIR$/plugins/python/helpers/typeshed/stdlib/2and3" type="simple" />
            <root url="file://$APPLICATION_HOME_DIR$/plugins/python/helpers/typeshed/third_party/3" type="simple" />
            <root url="file://$APPLICATION_HOME_DIR$/plugins/python/helpers/typeshed/third_party/2and3" type="simple" />
          </root>
        </classPath>
        <sourcePath>
          <root type="composite" />
        </sourcePath>
      </roots>
      <additional ASSOCIATED_PROJECT_PATH="D:/billy-code/pythonProject" />
    </jdk>
    <jdk version="2">
      <name value="Python 3.8 (base) (2)" />
      <type value="Python SDK" />
      <version value="Python 3.8.5" />
      <homePath value="D:\programData\anaconda\python.exe" />
      <roots>
        <classPath>
          <root type="composite">
            <root url="file://D:/programData/anaconda/DLLs" type="simple" />
            <root url="file://D:/programData/anaconda/Lib" type="simple" />
            <root url="file://D:/programData/anaconda/Lib/site-packages" type="simple" />
            <root url="jar://D:/programData/anaconda/Lib/site-packages/locket-0.2.1-py3.8.egg!/" type="simple" />
            <root url="file://D:/programData/anaconda/Lib/site-packages/win32" type="simple" />
            <root url="file://D:/programData/anaconda/Lib/site-packages/win32/lib" type="simple" />
            <root url="file://D:/programData/anaconda/Lib/site-packages/pythonwin" type="simple" />
            <root url="file://$USER_HOME$/AppData/Local/JetBrains/PyCharm2020.3/python_stubs/-1213603446" type="simple" />
            <root url="file://$APPLICATION_HOME_DIR$/plugins/python/helpers/python-skeletons" type="simple" />
            <root url="file://$APPLICATION_HOME_DIR$/plugins/python/helpers/typeshed/stdlib/3.7" type="simple" />
            <root url="file://$APPLICATION_HOME_DIR$/plugins/python/helpers/typeshed/stdlib/3" type="simple" />
            <root url="file://$APPLICATION_HOME_DIR$/plugins/python/helpers/typeshed/stdlib/2and3" type="simple" />
            <root url="file://$APPLICATION_HOME_DIR$/plugins/python/helpers/typeshed/third_party/3" type="simple" />
            <root url="file://$APPLICATION_HOME_DIR$/plugins/python/helpers/typeshed/third_party/2and3" type="simple" />
          </root>
        </classPath>
        <sourcePath>
          <root type="composite" />
        </sourcePath>
      </roots>
      <additional />
    </jdk>
  </component>
</application>