<application>
  <component name="ProjectJdkTable">
    <jdk version="2">
      <name value="Python 3.8 (base)" />
      <type value="Python SDK" />
      <version value="Python 3.8.8" />
      <homePath value="D:\ProgramData\Anaconda3\python.exe" />
      <roots>
        <classPath>
          <root type="composite">
            <root url="file://D:/ProgramData/Anaconda3/DLLs" type="simple" />
            <root url="file://D:/ProgramData/Anaconda3/Lib" type="simple" />
            <root url="file://D:/ProgramData/Anaconda3/Lib/site-packages" type="simple" />
            <root url="jar://D:/ProgramData/Anaconda3/Lib/site-packages/locket-0.2.1-py3.8.egg!/" type="simple" />
            <root url="file://D:/ProgramData/Anaconda3/Lib/site-packages/win32" type="simple" />
            <root url="file://D:/ProgramData/Anaconda3/Lib/site-packages/win32/lib" type="simple" />
            <root url="file://D:/ProgramData/Anaconda3/Lib/site-packages/pythonwin" type="simple" />
            <root url="file://$USER_HOME$/AppData/Local/JetBrains/PyCharm2020.3/python_stubs/1412029153" type="simple" />
            <root url="file://$APPLICATION_HOME_DIR$/plugins/python/helpers/python-skeletons" type="simple" />
            <root url="file://$APPLICATION_HOME_DIR$/plugins/python/helpers/typeshed/stdlib/3.7" type="simple" />
            <root url="file://$APPLICATION_HOME_DIR$/plugins/python/helpers/typeshed/stdlib/3" type="simple" />
            <root url="file://$APPLICATION_HOME_DIR$/plugins/python/helpers/typeshed/stdlib/2and3" type="simple" />
            <root url="file://$APPLICATION_HOME_DIR$/plugins/python/helpers/typeshed/third_party/3" type="simple" />
            <root url="file://$APPLICATION_HOME_DIR$/plugins/python/helpers/typeshed/third_party/2and3" type="simple" />
          </root>
        </classPath>
        <sourcePath>
          <root type="composite" />
        </sourcePath>
      </roots>
      <additional />
    </jdk>
  </component>
</application>