<application>
  <component name="JupyterPersistentConnectionParameters">
    <option name="knownRemoteServers">
      <list>
        <JupyterConnectionParameters>
          <option name="authType" value="notebook" />
          <option name="token" value="fdeb08679415ab7b92ae51dff4c96a8847d06dff5d8ce90d" />
          <option name="urlString" value="http://localhost:8888/" />
          <authParams2>
            <map>
              <entry key="token" value="fdeb08679415ab7b92ae51dff4c96a8847d06dff5d8ce90d" />
            </map>
          </authParams2>
        </JupyterConnectionParameters>
      </list>
    </option>
    <option name="moduleParameters">
      <map>
        <entry key="F:/billy-code/pycharmtest/.idea/pycharmtest.iml">
          <value>
            <JupyterConnectionParameters>
              <option name="managed" value="true" />
            </JupyterConnectionParameters>
          </value>
        </entry>
      </map>
    </option>
  </component>
</application>